{
  "dense": {
    "median": 0.0067046033218503,
    "mad": 0.004708511754870415,
    "mean": 0.019481489434838295,
    "std": 0.03580375760793686
  },
  "lstm": {
    "median": 0.023996585980057716,
    "mad": 0.020199868828058243,
    "mean": 0.4576328694820404,
    "std": 1.73697829246521
  },
  "isof": {
    "median": 0.07922502917816193,
    "mad": 0.03574186861233311,
    "mean": 0.059691490237622866,
    "std": 0.061714023205661085
  },
  "kde": {
    "median": -24.691838632296616,
    "mad": 7.973044382261012,
    "mean": -28.59189826355938,
    "std": 28.77660817134453
  },
  "gmm": {
    "median": 6.3257901416007405,
    "mad": 25.10041020278214,
    "mean": 13.03705529223527,
    "std": 30.092404072521838
  }
}